INSERT INTO PESSOA (CPF, DATANASC, IDADE, NOME, PESO, ALTURA, TELEFONE)
VALUES ('123.456.789-01', TO_DATE('1995-06-15', 'YYYY-MM-DD'), 29, 'João Silva', 75.50, 180, '16987654321');
INSERT INTO PESSOA (CPF, DATANASC, IDADE, NOME, PESO, ALTURA, TELEFONE)
VALUES ('987.654.321-00', TO_DATE('2010-04-27', 'YYYY-MM-DD'), 14, 'Maria Oliveira', 65.30, 165, '16912345678');
INSERT INTO PESSOA (CPF, DATANASC, IDADE, NOME, PESO, ALTURA, TELEFONE)
VALUES ('456.123.789-10', TO_DATE('1990-03-22', 'YYYY-MM-DD'), 34, 'Carlos Pereira', 82.45, 175, '16999887766');
INSERT INTO PESSOA (CPF, DATANASC, IDADE, NOME, PESO, ALTURA, TELEFONE)
VALUES ('321.987.654-99', TO_DATE('2012-12-08', 'YYYY-MM-DD'), 12, 'Ana Costa', 68.20, 160, '16988776655');

INSERT INTO ENDERECO (PESSOA, CEP, RUA, NUMERO, BAIRRO, CIDADE, ESTADO)
VALUES ('123.456.789-01', '13010-001', 'Avenida Francisco Glicério', '1500', 'Centro', 'Campinas', 'SP');
INSERT INTO ENDERECO (PESSOA, CEP, RUA, NUMERO, BAIRRO, CIDADE, ESTADO)
VALUES ('987.654.321-00', '13562-002', 'Avenida São Carlos', '456', 'Vila Nery', 'São Carlos', 'SP');
INSERT INTO ENDERECO (PESSOA, CEP, RUA, NUMERO, BAIRRO, CIDADE, ESTADO)
VALUES ('456.123.789-10', '14015-070', 'Rua Barão do Amazonas', '200', 'Centro', 'Ribeirão Preto', 'SP');
INSERT INTO ENDERECO (PESSOA, CEP, RUA, NUMERO, BAIRRO, CIDADE, ESTADO)
VALUES ('321.987.654-99', '13566-004', 'Rua Padre Teixeira', '321', 'Boa Vista', 'São Carlos', 'SP');

INSERT INTO DEFICIENCIAS (PESSOA, DESCRICAO) VALUES ('123.456.789-01', 'Deficiência visual grave');
INSERT INTO DEFICIENCIAS (PESSOA, DESCRICAO) VALUES ('456.123.789-10', 'Ausência de membros superiores (prótese no braço direito)');

INSERT INTO MAIOR (CPF) VALUES ('123.456.789-01'); 
INSERT INTO MAIOR (CPF) VALUES ('456.123.789-10');

INSERT INTO MENOR (CPF, RESPONSAVEL) VALUES ('987.654.321-00', '123.456.789-01');
INSERT INTO MENOR (CPF, RESPONSAVEL) VALUES ('321.987.654-99', '456.123.789-10');  
    
INSERT INTO DIRETOR (CPF, NOME, DATANASC)
VALUES ('111.222.333-44', 'Pedro Almeida', TO_DATE('1980-05-12', 'YYYY-MM-DD'));
INSERT INTO DIRETOR (CPF, NOME, DATANASC)
VALUES ('555.666.777-88', 'Fernanda Castro', TO_DATE('1975-09-23', 'YYYY-MM-DD'));
INSERT INTO DIRETOR (CPF, NOME, DATANASC)
VALUES ('999.888.777-66', 'Carlos Mendes', TO_DATE('1990-03-08', 'YYYY-MM-DD'));            

INSERT INTO SECRETARIA_ESPORTE (MUNICIPIO, NOME, DIRETOR)
VALUES ('São Carlos', 'Secretaria Esportiva de São Carlos', '111.222.333-44');
INSERT INTO SECRETARIA_ESPORTE (MUNICIPIO, NOME, DIRETOR)
VALUES ('Campinas', 'Secretaria Esportiva de Campinas', '555.666.777-88');
INSERT INTO SECRETARIA_ESPORTE (MUNICIPIO, NOME, DIRETOR)
VALUES ('Ribeirão Preto', 'Secretaria Esportiva de Ribeirão Preto', '999.888.777-66');

INSERT INTO FUNCIONARIO (CPF, NOME, DATANASC, TIPO, UNIDADE)
VALUES ('111.111.111-11', 'Joana Martins', TO_DATE('1985-03-15', 'YYYY-MM-DD'), 'RESPONSAVEL', 'São Carlos');
INSERT INTO FUNCIONARIO (CPF, NOME, DATANASC, TIPO, UNIDADE)
VALUES ('222.222.222-22', 'Ricardo Souza', TO_DATE('1990-06-10', 'YYYY-MM-DD'), 'PERSONAL', 'São Carlos');
INSERT INTO FUNCIONARIO (CPF, NOME, DATANASC, TIPO, UNIDADE)
VALUES ('333.333.333-33', 'Mariana Alves', TO_DATE('1988-12-20', 'YYYY-MM-DD'), 'RESPONSAVEL', 'Campinas');
INSERT INTO FUNCIONARIO (CPF, NOME, DATANASC, TIPO, UNIDADE)
VALUES ('444.444.444-44', 'Carlos Lima', TO_DATE('1995-05-25', 'YYYY-MM-DD'), 'PERSONAL', 'Campinas');
INSERT INTO FUNCIONARIO (CPF, NOME, DATANASC, TIPO, UNIDADE)
VALUES ('555.555.555-55', 'Fernanda Oliveira', TO_DATE('1980-08-08', 'YYYY-MM-DD'), 'RESPONSAVEL', 'Ribeirão Preto');
INSERT INTO FUNCIONARIO (CPF, NOME, DATANASC, TIPO, UNIDADE)
VALUES ('666.666.666-66', 'João Batista', TO_DATE('1992-11-30', 'YYYY-MM-DD'), 'PERSONAL', 'Ribeirão Preto');
INSERT INTO FUNCIONARIO (CPF, NOME, DATANASC, TIPO, UNIDADE)
VALUES ('777.777.777-77', 'Lucas Pereira', TO_DATE('1983-01-15', 'YYYY-MM-DD'), 'RESPONSAVEL', 'Campinas');
INSERT INTO FUNCIONARIO (CPF, NOME, DATANASC, TIPO, UNIDADE)
VALUES ('888.888.888-88', 'Juliana Santos', TO_DATE('1987-09-10', 'YYYY-MM-DD'), 'RESPONSAVEL', 'Ribeirão Preto');
INSERT INTO FUNCIONARIO (CPF, NOME, DATANASC, TIPO, UNIDADE)
VALUES ('999.999.999-99', 'Paulo Silva', TO_DATE('1990-04-22', 'YYYY-MM-DD'), 'RESPONSAVEL', 'Ribeirão Preto');

INSERT INTO RESPONSAVEL (CPF, CERTIFICACAO, ANOSEXP) VALUES ('111.111.111-11', 'Educação Física - CREF', 10);
INSERT INTO RESPONSAVEL (CPF, CERTIFICACAO, ANOSEXP) VALUES ('333.333.333-33', 'Gestão Esportiva Avançada', 12);
INSERT INTO RESPONSAVEL (CPF, CERTIFICACAO, ANOSEXP) VALUES ('555.555.555-55', 'Treinamento de Alto Rendimento', 15);

--como o campo menor eh binario, 0 significa que a modalidade nao permite e 1 que permite
INSERT INTO MODALIDADE (NOME, UNIDADE, LOCAL, RESPONSAVEL, MENOR)
VALUES ('Futebol', 'São Carlos', 'Campo Municipal', '111.111.111-11', '1');
INSERT INTO MODALIDADE (NOME, UNIDADE, LOCAL, RESPONSAVEL, MENOR)
VALUES ('Volei', 'São Carlos', 'Ginásio Poliesportivo', '333.333.333-33', '0'); 
INSERT INTO MODALIDADE (NOME, UNIDADE, LOCAL, RESPONSAVEL, MENOR)
VALUES ('Basquete', 'Campinas', 'Ginásio Central', '555.555.555-55', '1'); 
INSERT INTO MODALIDADE (NOME, UNIDADE, LOCAL, RESPONSAVEL, MENOR)
VALUES ('Natação', 'Campinas', 'Clube Aquático', '777.777.777-77', '0'); 
INSERT INTO MODALIDADE (NOME, UNIDADE, LOCAL, RESPONSAVEL, MENOR)
VALUES ('Atletismo', 'Ribeirão Preto', 'Estádio Municipal', '888.888.888-88', '0'); 
INSERT INTO MODALIDADE (NOME, UNIDADE, LOCAL, RESPONSAVEL, MENOR)
VALUES ('Judô', 'Ribeirão Preto', 'Academia Municipal', '999.999.999-99', '1');

INSERT INTO PERSONAL (CPF, AREA, PRECO, ANOSEXP, MODALIDADE)
VALUES ('222.222.222-22', 'Treinamento Funcional', 1500.00, 5, 'Futebol');
INSERT INTO PERSONAL (CPF, AREA, PRECO, ANOSEXP, MODALIDADE)
VALUES ('444.444.444-44', 'Preparação Física', 1800.00, 8, 'Basquete');

INSERT INTO TREINO_PARTICULAR (PESSOA, PERSONAL, DATA_HORA, LOCAL)
VALUES ('123.456.789-01', '222.222.222-22', TO_TIMESTAMP('2024-12-12 15:30:00', 'YYYY-MM-DD HH24:MI:SS'), 'Campo Municipal');
INSERT INTO TREINO_PARTICULAR (PESSOA, PERSONAL, DATA_HORA, LOCAL)
VALUES ('456.123.789-10', '444.444.444-44', TO_TIMESTAMP('2024-12-13 16:00:00', 'YYYY-MM-DD HH24:MI:SS'), 'Ginásio Central');


INSERT INTO MATRICULA (PESSOA, MODALIDADE, UNIDADE, DATA_HORA)
VALUES ('987.654.321-00', 'Futebol', 'São Carlos', TO_TIMESTAMP('2024-11-25 09:00:00', 'YYYY-MM-DD HH24:MI:SS'));
INSERT INTO MATRICULA (PESSOA, MODALIDADE, UNIDADE, DATA_HORA)
VALUES ('123.456.789-01', 'Volei', 'São Carlos', TO_TIMESTAMP('2024-11-30 14:00:00', 'YYYY-MM-DD HH24:MI:SS'));
INSERT INTO MATRICULA (PESSOA, MODALIDADE, UNIDADE, DATA_HORA)
VALUES ('321.987.654-99', 'Basquete', 'Campinas', TO_TIMESTAMP('2024-12-01 10:00:00', 'YYYY-MM-DD HH24:MI:SS'));
INSERT INTO MATRICULA (PESSOA, MODALIDADE, UNIDADE, DATA_HORA)

